{
  "target": 0.09079238589882332,
  "best_chromosome": {
    "window_slope": 14,
    "window_volatility": 26,
    "window_rolling_return": 17,
    "n_clusters": 5,
    "ma_fast_period": 16,
    "ma_slow_period": 25,
    "use_volatility": false,
    "use_rolling_return": false,
    "use_ma_distance": true
  },
  "best_fitness": 0.24067904015528155,
  "best_metrics": {
    "fitness": 0.24067904015528155,
    "delta_p": 0.2529501799918176,
    "delta_p_test": 0.2529501799918176,
    "stability_score": 0.12271139836536064,
    "overfitting_ratio": 0.4469216199074648
  },
  "all_evaluations": 1600
}