{
  "target": 0.09324758842443726,
  "best_chromosome": {
    "window_slope": 19,
    "window_volatility": 60,
    "window_rolling_return": 24,
    "window_trend_indicator": 27,
    "trend_slope_multiplier": 2.1,
    "n_clusters": 2,
    "ma_fast_period": 12,
    "ma_slow_period": 22,
    "use_volatility": true,
    "use_rolling_return": true,
    "use_ma_distance": false,
    "use_trend_indicator": true
  },
  "best_fitness": 0.0985705405844102,
  "best_metrics": {
    "fitness": 0.0985705405844102,
    "delta_p": 0.002721620180417214,
    "delta_p_test": 0.002721620180417214,
    "stability_score": 0.030960701209561226,
    "overfitting_ratio": 1.3911891977831408
  },
  "all_evaluations": 1400
}