{
  "target": 0.0009624247071555736,
  "best_chromosome": {
    "window_slope": 42,
    "window_volatility": 10,
    "window_rolling_return": 31,
    "n_clusters": 3,
    "ma_fast_period": 15,
    "ma_slow_period": 56,
    "use_volatility": true,
    "use_rolling_return": false,
    "use_ma_distance": true
  },
  "best_fitness": 0.4350166647796467,
  "best_metrics": {
    "fitness": 0.4350166647796467,
    "delta_p": 0.438291419224677,
    "delta_p_test": 0.438291419224677,
    "stability_score": 0.03274754445030354,
    "overfitting_ratio": 0.4064113391968711
  },
  "all_evaluations": 2500
}