{
  "target": -0.03753613008927348,
  "best_chromosome": {
    "window_slope": 38,
    "window_volatility": 32,
    "window_rolling_return": 19,
    "n_clusters": 5,
    "ma_fast_period": 5,
    "ma_slow_period": 21,
    "use_volatility": false,
    "use_rolling_return": false,
    "use_ma_distance": true
  },
  "best_fitness": 0.3903252248673259,
  "best_metrics": {
    "fitness": 0.3903252248673259,
    "delta_p": 0.3995734818308412,
    "delta_p_test": 0.3995734818308412,
    "stability_score": 0.09248256963515257,
    "overfitting_ratio": 0.4189245710202322
  },
  "all_evaluations": 1450
}