{
  "target": -0.011870426891654073,
  "best_chromosome": {
    "window_slope": 60,
    "window_volatility": 34,
    "window_rolling_return": 31,
    "n_clusters": 5,
    "ma_fast_period": 17,
    "ma_slow_period": 42,
    "use_volatility": true,
    "use_rolling_return": false,
    "use_ma_distance": true
  },
  "best_fitness": 0.5329564639179515,
  "best_metrics": {
    "fitness": 0.5329564639179515,
    "delta_p": 0.5366532442231475,
    "delta_p_test": 0.5366532442231475,
    "stability_score": 0.03696780305196084,
    "overfitting_ratio": 0.6079524427715055
  },
  "all_evaluations": 1500
}