{
  "target": -0.03753613008927348,
  "best_chromosome": {
    "window_slope": 53,
    "window_volatility": 10,
    "window_rolling_return": 33,
    "n_clusters": 4,
    "use_volatility": true,
    "use_rolling_return": false
  },
  "best_fitness": 0.185760380149452,
  "best_metrics": {
    "fitness": 0.185760380149452,
    "delta_p": 0.19110123841779905,
    "delta_p_test": 0.19110123841779905,
    "stability_score": 0.05340858268347034,
    "overfitting_ratio": 0.6543362060844474
  },
  "all_evaluations": 1350
}