{
  "target": 0.01379527630596522,
  "best_chromosome": {
    "window_slope": 58,
    "window_volatility": 47,
    "window_rolling_return": 36,
    "n_clusters": 5,
    "use_volatility": true,
    "use_rolling_return": true
  },
  "best_fitness": 0.30484709927549514,
  "best_metrics": {
    "fitness": 0.30484709927549514,
    "delta_p": 0.26164848897977727,
    "delta_p_test": 0.26164848897977727,
    "stability_score": 0.055561530428274164,
    "overfitting_ratio": 0.9576754819568282
  },
  "all_evaluations": 1150
}