{
  "target": -0.050368981688083125,
  "best_chromosome": {
    "window_slope": 44,
    "window_volatility": 16,
    "window_rolling_return": 46,
    "n_clusters": 5,
    "ma_fast_period": 5,
    "ma_slow_period": 31,
    "use_volatility": true,
    "use_rolling_return": false,
    "use_ma_distance": true
  },
  "best_fitness": 0.42756303275732827,
  "best_metrics": {
    "fitness": 0.42756303275732827,
    "delta_p": 0.43360720764121213,
    "delta_p_test": 0.43360720764121213,
    "stability_score": 0.06044174883883854,
    "overfitting_ratio": 0.2331024886495141
  },
  "all_evaluations": 1650
}