{
  "target": 0.052293831102394384,
  "best_chromosome": {
    "window_slope": 53,
    "window_volatility": 59,
    "window_rolling_return": 37,
    "n_clusters": 5,
    "ma_fast_period": 7,
    "ma_slow_period": 38,
    "use_volatility": true,
    "use_rolling_return": false,
    "use_ma_distance": true
  },
  "best_fitness": 0.4014539070874157,
  "best_metrics": {
    "fitness": 0.4014539070874157,
    "delta_p": 0.40587435952753853,
    "delta_p_test": 0.40587435952753853,
    "stability_score": 0.04420452440122848,
    "overfitting_ratio": 0.5593051006346023
  },
  "all_evaluations": 1950
}