{
  "target": 0.0009624247071555736,
  "best_chromosome": {
    "window_slope": 32,
    "window_volatility": 14,
    "window_rolling_return": 46,
    "n_clusters": 5,
    "use_volatility": true,
    "use_rolling_return": true
  },
  "best_fitness": 0.3087047555594099,
  "best_metrics": {
    "fitness": 0.3087047555594099,
    "delta_p": 0.3177085097604933,
    "delta_p_test": 0.3177085097604933,
    "stability_score": 0.0900375420108342,
    "overfitting_ratio": 0.30101880892152816
  },
  "all_evaluations": 1600
}