{
  "target": -0.02470327849046372,
  "best_chromosome": {
    "window_slope": 39,
    "window_volatility": 16,
    "window_rolling_return": 37,
    "n_clusters": 5,
    "ma_fast_period": 5,
    "ma_slow_period": 33,
    "use_volatility": true,
    "use_rolling_return": false,
    "use_ma_distance": false
  },
  "best_fitness": 0.43909204461734747,
  "best_metrics": {
    "fitness": 0.43909204461734747,
    "delta_p": 0.44530675069939457,
    "delta_p_test": 0.44530675069939457,
    "stability_score": 0.062147060820470966,
    "overfitting_ratio": 0.33489648120932897
  },
  "all_evaluations": 2450
}