{
  "target": 0.03946097950358474,
  "best_chromosome": {
    "window_slope": 6,
    "window_volatility": 17,
    "window_rolling_return": 26,
    "n_clusters": 5,
    "ma_fast_period": 17,
    "ma_slow_period": 44,
    "use_volatility": true,
    "use_rolling_return": false,
    "use_ma_distance": true
  },
  "best_fitness": 0.5289072450336217,
  "best_metrics": {
    "fitness": 0.5289072450336217,
    "delta_p": 0.5462362024196582,
    "delta_p_test": 0.5462362024196582,
    "stability_score": 0.17328957386036437,
    "overfitting_ratio": 0.7880439599581508
  },
  "all_evaluations": 1600
}