{
  "target": 0.09079238589882332,
  "best_chromosome": {
    "window_slope": 58,
    "window_volatility": 47,
    "window_rolling_return": 14,
    "n_clusters": 2,
    "use_volatility": false,
    "use_rolling_return": false
  },
  "best_fitness": 0.09691101912598554,
  "best_metrics": {
    "fitness": 0.09691101912598554,
    "delta_p": 0.003079291762894534,
    "delta_p_test": 0.003079291762894534,
    "stability_score": 0.018134964633197904,
    "overfitting_ratio": 0.3523189585028479
  },
  "all_evaluations": 1000
}