{
  "target": -0.050368981688083125,
  "best_chromosome": {
    "window_slope": 33,
    "window_volatility": 33,
    "window_rolling_return": 18,
    "n_clusters": 5,
    "use_volatility": true,
    "use_rolling_return": false
  },
  "best_fitness": 0.15603778280737485,
  "best_metrics": {
    "fitness": 0.15603778280737485,
    "delta_p": 0.07136613386613387,
    "delta_p_test": 0.07136613386613387,
    "stability_score": 0.049463029691634665,
    "overfitting_ratio": 1.0748690658218574
  },
  "all_evaluations": 1200
}