{
  "target": 0.07795953430001368,
  "best_chromosome": {
    "window_slope": 44,
    "window_volatility": 55,
    "window_rolling_return": 29,
    "n_clusters": 2,
    "use_volatility": false,
    "use_rolling_return": false
  },
  "best_fitness": 0.0983055927055043,
  "best_metrics": {
    "fitness": 0.0983055927055043,
    "delta_p": 0.0030895382371403605,
    "delta_p_test": 0.0030895382371403605,
    "stability_score": 0.023454991628181317,
    "overfitting_ratio": 0.46032217172854106
  },
  "all_evaluations": 1000
}