{
  "chromosome": {
    "window_slope": 52,
    "window_volatility": 51,
    "window_rolling_return": 8,
    "n_clusters": 5,
    "ma_fast_period": 9,
    "ma_slow_period": 25,
    "use_volatility": true,
    "use_rolling_return": false,
    "use_ma_distance": false
  },
  "target_return": 0.06512668270120403,
  "horizon": 7,
  "ticker": null,
  "feature_cols": [
    "slope_52",
    "volatility_51"
  ],
  "cluster_interpretations": {
    "0": "bear",
    "1": "bull",
    "2": "bull",
    "3": "bear",
    "4": "bear"
  },
  "cluster_probabilities": {
    "2": 0.05801526717557252,
    "1": 0.014749262536873156,
    "4": 0.021292217327459617,
    "0": 0.06634304207119741,
    "3": 0.35294117647058826
  },
  "probability_unconditional": 0.037625213779623745
}