{
  "chromosome": {
    "window_slope": 55,
    "window_volatility": 40,
    "window_rolling_return": 57,
    "n_clusters": 5,
    "ma_fast_period": 14,
    "ma_slow_period": 38,
    "use_volatility": true,
    "use_rolling_return": true,
    "use_ma_distance": true
  },
  "target_return": 0.07795953430001368,
  "horizon": 7,
  "ticker": null,
  "feature_cols": [
    "slope_55",
    "volatility_40",
    "log_return_rolling_57",
    "ma_dist_14_38"
  ],
  "cluster_interpretations": {
    "0": "bull",
    "1": "bear",
    "2": "bear",
    "3": "bear",
    "4": "bull"
  },
  "cluster_probabilities": {
    "0": 0.01107011070110701,
    "4": 0.006596306068601583,
    "2": 0.007558578987150416,
    "1": 0.04830053667262969,
    "3": 0.17073170731707318
  },
  "probability_unconditional": 0.018079648179819205
}