{
  "chromosome": {
    "window_slope": 14,
    "window_volatility": 26,
    "window_rolling_return": 17,
    "n_clusters": 5,
    "ma_fast_period": 16,
    "ma_slow_period": 25,
    "use_volatility": false,
    "use_rolling_return": false,
    "use_ma_distance": true
  },
  "target_return": 0.09079238589882332,
  "horizon": 7,
  "ticker": null,
  "feature_cols": [
    "slope_14",
    "ma_dist_16_25"
  ],
  "cluster_interpretations": {
    "0": "bull",
    "1": "bear",
    "2": "bull",
    "3": "bear",
    "4": "bear"
  },
  "cluster_probabilities": {
    "2": 0.009249743062692703,
    "0": 0.0033482142857142855,
    "1": 0.0070028011204481795,
    "4": 0.003973509933774834,
    "3": 0.23529411764705882
  },
  "probability_unconditional": 0.008062545809919374
}