{
  "chromosome": {
    "window_slope": 39,
    "window_volatility": 16,
    "window_rolling_return": 37,
    "n_clusters": 5,
    "ma_fast_period": 5,
    "ma_slow_period": 33,
    "use_volatility": true,
    "use_rolling_return": false,
    "use_ma_distance": false
  },
  "target_return": -0.02470327849046372,
  "horizon": 7,
  "ticker": null,
  "feature_cols": [
    "slope_39",
    "volatility_16"
  ],
  "cluster_interpretations": {
    "0": "bull",
    "1": "bear",
    "2": "bull",
    "3": "bear",
    "4": "bear"
  },
  "cluster_probabilities": {
    "0": 0.20848708487084872,
    "4": 0.21129441624365483,
    "1": 0.2577962577962578,
    "2": 0.18365921787709497,
    "3": 0.20833333333333334
  },
  "probability_unconditional": 0.20669435621793306
}