{
  "chromosome": {
    "window_slope": 53,
    "window_volatility": 59,
    "window_rolling_return": 37,
    "n_clusters": 5,
    "ma_fast_period": 7,
    "ma_slow_period": 38,
    "use_volatility": true,
    "use_rolling_return": false,
    "use_ma_distance": true
  },
  "target_return": 0.052293831102394384,
  "horizon": 7,
  "ticker": null,
  "feature_cols": [
    "slope_53",
    "volatility_59",
    "ma_dist_7_38"
  ],
  "cluster_interpretations": {
    "0": "bear",
    "1": "bull",
    "2": "flat",
    "3": "bear",
    "4": "bear"
  },
  "cluster_probabilities": {
    "0": 0.11260709914320685,
    "2": 0.05731707317073171,
    "1": 0.040897097625329816,
    "3": 0.3333333333333333,
    "4": 0.4594594594594595
  },
  "probability_unconditional": 0.07060835572929391
}